MSI_Type,totalIhe,totalaward,totalStudentAward,totalStudents,eligibleStudents,studentRecipients,totalStudentDistribution,totalAwardsDistributedToStudents,avgDistributedPerStudent,avgPercentRecipients
Not an MSI,173,247464453,117802979,460460,456779,103282,111983180.06000002,95.05971836247029,1084.2468199686298,22.61093439059151
All MSIs,95,827206464,359602899,1425968,787618,401919,341632737.81000006,95.00277632911965,850.0039505721304,51.02968698023661
NA,1,20861967,9752932,25659,44811,4937,6806225,69.78644985938588,1378.6155560056714,11.017384124433732
HBCU,9,105408335,19619226,47958,26096,18827,17294502.41,88.15078846637478,918.6010734583311,72.14515634580012
AANAPII,7,130830533,62012435,208510,119450,73197,59871561.09,96.54766997941623,817.9510238124514,61.278359146086224
HSI,86,724021927,340127466,1377831,761133,383363,324453573.51000005,95.39175925004541,846.3351275683883,50.36741279119418
